{"nm":"Lottie_Translate","ddd":0,"h":1000,"w":1000,"meta":{"g":"@lottiefiles/toolkit-js 0.33.2"},"layers":[{"ty":5,"nm":"by Paul FD","sr":1,"st":0,"op":235,"ip":0,"hd":false,"ddd":0,"bm":0,"hasMask":false,"ao":0,"ks":{"a":{"a":0,"k":[0,0,0],"ix":1},"s":{"a":0,"k":[100,100,100],"ix":6},"sk":{"a":0,"k":0},"p":{"a":0,"k":[596,1076.5,0],"ix":2},"r":{"a":0,"k":0,"ix":10},"sa":{"a":0,"k":0},"o":{"a":0,"k":100,"ix":11}},"ef":[],"t":{"m":{"a":{"a":0,"k":[0,0],"ix":2},"g":1},"p":{},"a":[],"d":{"k":[{"s":{"f":"JanoSansPro-Thin","s":30,"t":"by Paul FD","fc":[1,1,1],"lh":36,"tr":0,"ps":[-597,-114.5],"sz":[999,34],"j":2,"ca":0},"t":0}]}},"ind":1},{"ty":4,"nm":"symbole_04","sr":1,"st":50,"op":235,"ip":162,"hd":false,"ddd":0,"bm":0,"hasMask":false,"ao":0,"ks":{"a":{"a":0,"k":[500,500,0],"ix":1},"s":{"a":0,"k":[100,100,100],"ix":6},"sk":{"a":0,"k":0},"p":{"a":0,"k":[500,500,0],"ix":2},"r":{"a":0,"k":0,"ix":10},"sa":{"a":0,"k":0},"o":{"a":0,"k":100,"ix":11}},"ef":[],"shapes":[{"ty":"gr","bm":0,"hd":false,"mn":"ADBE Vector Group","nm":"Groupe 1","ix":1,"cix":2,"np":4,"it":[{"ty":"sh","bm":0,"hd":false,"mn":"ADBE Vector Shape - Group","nm":"TracÃÂ© 1","ix":1,"d":1,"ks":{"a":0,"k":{"c":true,"i":[[0,0],[0,0],[0,0]],"o":[[0,0],[0,0],[0,0]],"v":[[42.033,36.333],[0.19,-80.079],[-42.033,36.333]]},"ix":2}},{"ty":"sh","bm":0,"hd":false,"mn":"ADBE Vector Shape - Group","nm":"TracÃÂ© 2","ix":2,"d":1,"ks":{"a":0,"k":{"c":true,"i":[[0,0],[0,0],[0,0],[0,0],[0,0],[0,0],[0,0],[0,0]],"o":[[0,0],[0,0],[0,0],[0,0],[0,0],[0,0],[0,0],[0,0]],"v":[[23.788,-126.875],[121.565,126.875],[77.249,126.875],[56.875,71.397],[-55.02,71.397],[-76.869,126.875],[-121.565,126.875],[-23.418,-126.875]]},"ix":2}},{"ty":"mm","bm":0,"hd":false,"mn":"ADBE Vector Filter - Merge","nm":"Fusionner les tracÃÂ©s 1","mm":1},{"ty":"fl","bm":0,"hd":false,"mn":"ADBE Vector Graphic - Fill","nm":"Fond 1","c":{"a":0,"k":[1,1,1],"ix":4},"r":1,"o":{"a":0,"k":100,"ix":5}},{"ty":"tr","a":{"a":0,"k":[0,0],"ix":1},"s":{"a":0,"k":[100,100],"ix":3},"sk":{"a":0,"k":0,"ix":4},"p":{"a":0,"k":[334.504,405.953],"ix":2},"r":{"a":0,"k":0,"ix":6},"sa":{"a":0,"k":0,"ix":5},"o":{"a":0,"k":100,"ix":7}}]}],"ind":2,"parent":4},{"ty":4,"nm":"symbole_04_shadow","sr":1,"st":50,"op":235,"ip":162,"hd":false,"ddd":0,"bm":0,"hasMask":false,"ao":0,"ks":{"a":{"a":0,"k":[500,500,0],"ix":1},"s":{"a":0,"k":[100,100,100],"ix":6},"sk":{"a":0,"k":0},"p":{"a":0,"k":[510,510,0],"ix":2},"r":{"a":0,"k":0,"ix":10},"sa":{"a":0,"k":0},"o":{"a":0,"k":100,"ix":11}},"ef":[],"shapes":[{"ty":"gr","bm":0,"hd":false,"mn":"ADBE Vector Group","nm":"Groupe 1","ix":1,"cix":2,"np":4,"it":[{"ty":"sh","bm":0,"hd":false,"mn":"ADBE Vector Shape - Group","nm":"TracÃÂ© 1","ix":1,"d":1,"ks":{"a":0,"k":{"c":true,"i":[[0,0],[0,0],[0,0]],"o":[[0,0],[0,0],[0,0]],"v":[[42.033,36.333],[0.19,-80.079],[-42.033,36.333]]},"ix":2}},{"ty":"sh","bm":0,"hd":false,"mn":"ADBE Vector Shape - Group","nm":"TracÃÂ© 2","ix":2,"d":1,"ks":{"a":0,"k":{"c":true,"i":[[0,0],[0,0],[0,0],[0,0],[0,0],[0,0],[0,0],[0,0]],"o":[[0,0],[0,0],[0,0],[0,0],[0,0],[0,0],[0,0],[0,0]],"v":[[23.788,-126.875],[121.565,126.875],[77.249,126.875],[56.875,71.397],[-55.02,71.397],[-76.869,126.875],[-121.565,126.875],[-23.418,-126.875]]},"ix":2}},{"ty":"mm","bm":0,"hd":false,"mn":"ADBE Vector Filter - Merge","nm":"Fusionner les tracÃÂ©s 1","mm":1},{"ty":"fl","bm":0,"hd":false,"mn":"ADBE Vector Graphic - Fill","nm":"Fond 1","c":{"a":0,"k":[0.2667,0.3333,0.7137],"ix":4},"r":1,"o":{"a":0,"k":20,"ix":5}},{"ty":"tr","a":{"a":0,"k":[0,0],"ix":1},"s":{"a":0,"k":[100,100],"ix":3},"sk":{"a":0,"k":0,"ix":4},"p":{"a":0,"k":[334.504,405.953],"ix":2},"r":{"a":0,"k":0,"ix":6},"sa":{"a":0,"k":0,"ix":5},"o":{"a":0,"k":100,"ix":7}}]}],"ind":3,"parent":4},{"ty":4,"nm":"bulle_04","sr":1,"st":50,"op":235,"ip":162,"hd":false,"ddd":0,"bm":0,"hasMask":false,"ao":0,"ks":{"a":{"a":0,"k":[500,500,0],"ix":1},"s":{"a":0,"k":[100,100,100],"ix":6},"sk":{"a":0,"k":0},"p":{"a":1,"k":[{"o":{"x":0.333,"y":0},"i":{"x":0.667,"y":1},"s":[500,500,0],"t":0,"ti":[5.007,-1.744,0],"to":[0,-30,0]},{"o":{"x":0.333,"y":0},"i":{"x":0.667,"y":1},"s":[500,320,0],"t":37,"ti":[5.007,-31.744,0],"to":[-5.007,1.744,0]},{"o":{"x":0.333,"y":0},"i":{"x":0.667,"y":1},"s":[469.959,510.465,0],"t":84,"ti":[0,0,0],"to":[0,0,0]},{"o":{"x":0.333,"y":0},"i":{"x":0.667,"y":1},"s":[472.216,507.311,0],"t":100,"ti":[0,0,0],"to":[0,0,0]},{"o":{"x":0.333,"y":0},"i":{"x":0.667,"y":1},"s":[469.959,510.465,0],"t":121,"ti":[-5.007,1.744,0],"to":[5.007,-31.744,0]},{"o":{"x":0.333,"y":0},"i":{"x":0.667,"y":1},"s":[500,320,0],"t":162,"ti":[0,-30,0],"to":[5.007,-1.744,0]},{"o":{"x":0.333,"y":0},"i":{"x":0.563,"y":1},"s":[500,500,0],"t":200,"ti":[0,0,0],"to":[0,0,0]},{"o":{"x":0.471,"y":0},"i":{"x":1,"y":1},"s":[503.552,496.448,0],"t":214,"ti":[0,0,0],"to":[0,0,0]},{"s":[500,500,0],"t":235}],"ix":2},"r":{"a":0,"k":0,"ix":10},"sa":{"a":0,"k":0},"o":{"a":0,"k":100,"ix":11}},"ef":[],"shapes":[{"ty":"gr","bm":0,"hd":false,"mn":"ADBE Vector Group","nm":"Groupe 2","ix":1,"cix":2,"np":2,"it":[{"ty":"sh","bm":0,"hd":false,"mn":"ADBE Vector Shape - Group","nm":"TracÃÂ© 1","ix":1,"d":1,"ks":{"a":0,"k":{"c":true,"i":[[0,0],[0,0],[0,0],[0,13.486],[0,0],[13.5,0],[0,0],[0,-13.477],[0,0],[-13.5,0],[0,0]],"o":[[0,0],[0,0],[13.5,0],[0,0],[0,-13.477],[0,0],[-13.5,0],[0,0],[0,13.486],[0,0],[0,0]],"v":[[-144.403,224.41],[-50.015,147.224],[226.468,147.224],[250.902,122.8],[250.902,-200.004],[226.468,-224.41],[-226.468,-224.41],[-250.902,-200.004],[-250.902,122.8],[-226.468,147.224],[-144.403,147.224]]},"ix":2}},{"ty":"fl","bm":0,"hd":false,"mn":"ADBE Vector Graphic - Fill","nm":"Fond 1","c":{"a":0,"k":[0.2863,0.5412,0.9569],"ix":4},"r":1,"o":{"a":0,"k":100,"ix":5}},{"ty":"tr","a":{"a":0,"k":[0,0],"ix":1},"s":{"a":0,"k":[100,100],"ix":3},"sk":{"a":0,"k":0,"ix":4},"p":{"a":0,"k":[344.186,455.442],"ix":2},"r":{"a":0,"k":0,"ix":6},"sa":{"a":0,"k":0,"ix":5},"o":{"a":0,"k":100,"ix":7}}]}],"ind":4},{"ty":4,"nm":"bulle_04_shadow","sr":1,"st":50,"op":235,"ip":162,"hd":false,"ddd":0,"bm":0,"hasMask":false,"ao":0,"ks":{"a":{"a":0,"k":[500,500,0],"ix":1},"s":{"a":0,"k":[100,100,100],"ix":6},"sk":{"a":0,"k":0},"p":{"a":1,"k":[{"o":{"x":0.333,"y":0},"i":{"x":0.667,"y":1},"s":[506,508,0],"t":0,"ti":[5.007,-1.744,0],"to":[0,-30,0]},{"o":{"x":0.333,"y":0},"i":{"x":0.667,"y":1},"s":[506,328,0],"t":37,"ti":[5.007,-31.744,0],"to":[-5.007,1.744,0]},{"o":{"x":0.333,"y":0},"i":{"x":0.667,"y":1},"s":[475.959,518.465,0],"t":84,"ti":[0,0,0],"to":[0,0,0]},{"o":{"x":0.333,"y":0},"i":{"x":0.667,"y":1},"s":[478.216,515.311,0],"t":100,"ti":[0,0,0],"to":[0,0,0]},{"o":{"x":0.333,"y":0},"i":{"x":0.667,"y":1},"s":[475.959,518.465,0],"t":121,"ti":[-5.007,1.744,0],"to":[5.007,-31.744,0]},{"o":{"x":0.333,"y":0},"i":{"x":0.667,"y":1},"s":[506,328,0],"t":162,"ti":[0,-30,0],"to":[5.007,-1.744,0]},{"o":{"x":0.333,"y":0},"i":{"x":0.563,"y":1},"s":[506,508,0],"t":200,"ti":[0,0,0],"to":[0,0,0]},{"o":{"x":0.471,"y":0},"i":{"x":1,"y":1},"s":[509.552,504.448,0],"t":214,"ti":[0,0,0],"to":[0,0,0]},{"s":[506,508,0],"t":235}],"ix":2},"r":{"a":0,"k":0,"ix":10},"sa":{"a":0,"k":0},"o":{"a":0,"k":100,"ix":11}},"ef":[],"shapes":[{"ty":"gr","bm":0,"hd":false,"mn":"ADBE Vector Group","nm":"Groupe 2","ix":1,"cix":2,"np":2,"it":[{"ty":"sh","bm":0,"hd":false,"mn":"ADBE Vector Shape - Group","nm":"TracÃÂ© 1","ix":1,"d":1,"ks":{"a":0,"k":{"c":true,"i":[[0,0],[0,0],[0,0],[0,13.486],[0,0],[13.5,0],[0,0],[0,-13.477],[0,0],[-13.5,0],[0,0]],"o":[[0,0],[0,0],[13.5,0],[0,0],[0,-13.477],[0,0],[-13.5,0],[0,0],[0,13.486],[0,0],[0,0]],"v":[[-144.403,224.41],[-50.015,147.224],[226.468,147.224],[250.902,122.8],[250.902,-200.004],[226.468,-224.41],[-226.468,-224.41],[-250.902,-200.004],[-250.902,122.8],[-226.468,147.224],[-144.403,147.224]]},"ix":2}},{"ty":"fl","bm":0,"hd":false,"mn":"ADBE Vector Graphic - Fill","nm":"Fond 1","c":{"a":0,"k":[0.6863,0.6863,0.6863],"ix":4},"r":1,"o":{"a":0,"k":20,"ix":5}},{"ty":"tr","a":{"a":0,"k":[0,0],"ix":1},"s":{"a":0,"k":[100,100],"ix":3},"sk":{"a":0,"k":0,"ix":4},"p":{"a":0,"k":[344.186,455.442],"ix":2},"r":{"a":0,"k":0,"ix":6},"sa":{"a":0,"k":0,"ix":5},"o":{"a":0,"k":100,"ix":7}}]}],"ind":5},{"ty":4,"nm":"symbole_01","sr":1,"st":0,"op":37,"ip":0,"hd":false,"ddd":0,"bm":0,"hasMask":false,"ao":0,"ks":{"a":{"a":0,"k":[500,500,0],"ix":1},"s":{"a":0,"k":[100,100,100],"ix":6},"sk":{"a":0,"k":0},"p":{"a":0,"k":[500,500,0],"ix":2},"r":{"a":0,"k":0,"ix":10},"sa":{"a":0,"k":0},"o":{"a":0,"k":100,"ix":11}},"ef":[],"shapes":[{"ty":"gr","bm":0,"hd":false,"mn":"ADBE Vector Group","nm":"Groupe 1","ix":1,"cix":2,"np":4,"it":[{"ty":"sh","bm":0,"hd":false,"mn":"ADBE Vector Shape - Group","nm":"TracÃÂ© 1","ix":1,"d":1,"ks":{"a":0,"k":{"c":true,"i":[[0,0],[0,0],[0,0]],"o":[[0,0],[0,0],[0,0]],"v":[[42.033,36.333],[0.19,-80.079],[-42.033,36.333]]},"ix":2}},{"ty":"sh","bm":0,"hd":false,"mn":"ADBE Vector Shape - Group","nm":"TracÃÂ© 2","ix":2,"d":1,"ks":{"a":0,"k":{"c":true,"i":[[0,0],[0,0],[0,0],[0,0],[0,0],[0,0],[0,0],[0,0]],"o":[[0,0],[0,0],[0,0],[0,0],[0,0],[0,0],[0,0],[0,0]],"v":[[23.788,-126.875],[121.565,126.875],[77.249,126.875],[56.875,71.397],[-55.02,71.397],[-76.869,126.875],[-121.565,126.875],[-23.418,-126.875]]},"ix":2}},{"ty":"mm","bm":0,"hd":false,"mn":"ADBE Vector Filter - Merge","nm":"Fusionner les tracÃÂ©s 1","mm":1},{"ty":"fl","bm":0,"hd":false,"mn":"ADBE Vector Graphic - Fill","nm":"Fond 1","c":{"a":0,"k":[1,1,1],"ix":4},"r":1,"o":{"a":0,"k":100,"ix":5}},{"ty":"tr","a":{"a":0,"k":[0,0],"ix":1},"s":{"a":0,"k":[100,100],"ix":3},"sk":{"a":0,"k":0,"ix":4},"p":{"a":0,"k":[334.504,405.953],"ix":2},"r":{"a":0,"k":0,"ix":6},"sa":{"a":0,"k":0,"ix":5},"o":{"a":0,"k":100,"ix":7}}]}],"ind":6,"parent":8},{"ty":4,"nm":"symbole_01 shadow","sr":1,"st":0,"op":37,"ip":0,"hd":false,"ddd":0,"bm":0,"hasMask":false,"ao":0,"ks":{"a":{"a":0,"k":[500,500,0],"ix":1},"s":{"a":0,"k":[100,100,100],"ix":6},"sk":{"a":0,"k":0},"p":{"a":0,"k":[510,510,0],"ix":2},"r":{"a":0,"k":0,"ix":10},"sa":{"a":0,"k":0},"o":{"a":0,"k":100,"ix":11}},"ef":[],"shapes":[{"ty":"gr","bm":0,"hd":false,"mn":"ADBE Vector Group","nm":"Groupe 1","ix":1,"cix":2,"np":4,"it":[{"ty":"sh","bm":0,"hd":false,"mn":"ADBE Vector Shape - Group","nm":"TracÃÂ© 1","ix":1,"d":1,"ks":{"a":0,"k":{"c":true,"i":[[0,0],[0,0],[0,0]],"o":[[0,0],[0,0],[0,0]],"v":[[42.033,36.333],[0.19,-80.079],[-42.033,36.333]]},"ix":2}},{"ty":"sh","bm":0,"hd":false,"mn":"ADBE Vector Shape - Group","nm":"TracÃÂ© 2","ix":2,"d":1,"ks":{"a":0,"k":{"c":true,"i":[[0,0],[0,0],[0,0],[0,0],[0,0],[0,0],[0,0],[0,0]],"o":[[0,0],[0,0],[0,0],[0,0],[0,0],[0,0],[0,0],[0,0]],"v":[[23.788,-126.875],[121.565,126.875],[77.249,126.875],[56.875,71.397],[-55.02,71.397],[-76.869,126.875],[-121.565,126.875],[-23.418,-126.875]]},"ix":2}},{"ty":"mm","bm":0,"hd":false,"mn":"ADBE Vector Filter - Merge","nm":"Fusionner les tracÃÂ©s 1","mm":1},{"ty":"fl","bm":0,"hd":false,"mn":"ADBE Vector Graphic - Fill","nm":"Fond 1","c":{"a":0,"k":[0.2667,0.3333,0.7137],"ix":4},"r":1,"o":{"a":0,"k":20,"ix":5}},{"ty":"tr","a":{"a":0,"k":[0,0],"ix":1},"s":{"a":0,"k":[100,100],"ix":3},"sk":{"a":0,"k":0,"ix":4},"p":{"a":0,"k":[334.504,405.953],"ix":2},"r":{"a":0,"k":0,"ix":6},"sa":{"a":0,"k":0,"ix":5},"o":{"a":0,"k":100,"ix":7}}]}],"ind":7,"parent":8},{"ty":4,"nm":"bulle_01","sr":1,"st":0,"op":37,"ip":0,"hd":false,"ddd":0,"bm":0,"hasMask":false,"ao":0,"ks":{"a":{"a":0,"k":[500,500,0],"ix":1},"s":{"a":0,"k":[100,100,100],"ix":6},"sk":{"a":0,"k":0},"p":{"a":1,"k":[{"o":{"x":0.333,"y":0},"i":{"x":0.667,"y":1},"s":[500,500,0],"t":0,"ti":[5.007,-1.744,0],"to":[0,-30,0]},{"o":{"x":0.333,"y":0},"i":{"x":0.667,"y":1},"s":[500,320,0],"t":37,"ti":[5.007,-31.744,0],"to":[-5.007,1.744,0]},{"o":{"x":0.333,"y":0},"i":{"x":0.667,"y":1},"s":[469.959,510.465,0],"t":84,"ti":[0,0,0],"to":[0,0,0]},{"o":{"x":0.333,"y":0},"i":{"x":0.667,"y":1},"s":[472.216,507.311,0],"t":100,"ti":[0,0,0],"to":[0,0,0]},{"o":{"x":0.333,"y":0},"i":{"x":0.667,"y":1},"s":[469.959,510.465,0],"t":121,"ti":[-5.007,1.744,0],"to":[5.007,-31.744,0]},{"o":{"x":0.333,"y":0},"i":{"x":0.667,"y":1},"s":[500,320,0],"t":162,"ti":[0,-30,0],"to":[5.007,-1.744,0]},{"o":{"x":0.333,"y":0},"i":{"x":0.563,"y":1},"s":[500,500,0],"t":200,"ti":[0,0,0],"to":[0,0,0]},{"o":{"x":0.471,"y":0},"i":{"x":1,"y":1},"s":[503.552,496.448,0],"t":214,"ti":[0,0,0],"to":[0,0,0]},{"s":[500,500,0],"t":235}],"ix":2},"r":{"a":0,"k":0,"ix":10},"sa":{"a":0,"k":0},"o":{"a":0,"k":100,"ix":11}},"ef":[],"shapes":[{"ty":"gr","bm":0,"hd":false,"mn":"ADBE Vector Group","nm":"Groupe 2","ix":1,"cix":2,"np":2,"it":[{"ty":"sh","bm":0,"hd":false,"mn":"ADBE Vector Shape - Group","nm":"TracÃÂ© 1","ix":1,"d":1,"ks":{"a":0,"k":{"c":true,"i":[[0,0],[0,0],[0,0],[0,13.486],[0,0],[13.5,0],[0,0],[0,-13.477],[0,0],[-13.5,0],[0,0]],"o":[[0,0],[0,0],[13.5,0],[0,0],[0,-13.477],[0,0],[-13.5,0],[0,0],[0,13.486],[0,0],[0,0]],"v":[[-144.403,224.41],[-50.015,147.224],[226.468,147.224],[250.902,122.8],[250.902,-200.004],[226.468,-224.41],[-226.468,-224.41],[-250.902,-200.004],[-250.902,122.8],[-226.468,147.224],[-144.403,147.224]]},"ix":2}},{"ty":"fl","bm":0,"hd":false,"mn":"ADBE Vector Graphic - Fill","nm":"Fond 1","c":{"a":0,"k":[0.2863,0.5412,0.9569],"ix":4},"r":1,"o":{"a":0,"k":100,"ix":5}},{"ty":"tr","a":{"a":0,"k":[0,0],"ix":1},"s":{"a":0,"k":[100,100],"ix":3},"sk":{"a":0,"k":0,"ix":4},"p":{"a":0,"k":[344.186,455.442],"ix":2},"r":{"a":0,"k":0,"ix":6},"sa":{"a":0,"k":0,"ix":5},"o":{"a":0,"k":100,"ix":7}}]}],"ind":8},{"ty":4,"nm":"bulle_01_shadow","sr":1,"st":0,"op":37,"ip":0,"hd":false,"ddd":0,"bm":0,"hasMask":false,"ao":0,"ks":{"a":{"a":0,"k":[500,500,0],"ix":1},"s":{"a":0,"k":[100,100,100],"ix":6},"sk":{"a":0,"k":0},"p":{"a":1,"k":[{"o":{"x":0.333,"y":0},"i":{"x":0.667,"y":1},"s":[506,508,0],"t":0,"ti":[5.007,-1.744,0],"to":[0,-30,0]},{"o":{"x":0.333,"y":0},"i":{"x":0.667,"y":1},"s":[506,328,0],"t":37,"ti":[5.007,-31.744,0],"to":[-5.007,1.744,0]},{"o":{"x":0.333,"y":0},"i":{"x":0.667,"y":1},"s":[475.959,518.465,0],"t":84,"ti":[0,0,0],"to":[0,0,0]},{"o":{"x":0.333,"y":0},"i":{"x":0.667,"y":1},"s":[478.216,515.311,0],"t":100,"ti":[0,0,0],"to":[0,0,0]},{"o":{"x":0.333,"y":0},"i":{"x":0.667,"y":1},"s":[475.959,518.465,0],"t":121,"ti":[-5.007,1.744,0],"to":[5.007,-31.744,0]},{"o":{"x":0.333,"y":0},"i":{"x":0.667,"y":1},"s":[506,328,0],"t":162,"ti":[0,-30,0],"to":[5.007,-1.744,0]},{"o":{"x":0.333,"y":0},"i":{"x":0.563,"y":1},"s":[506,508,0],"t":200,"ti":[0,0,0],"to":[0,0,0]},{"o":{"x":0.471,"y":0},"i":{"x":1,"y":1},"s":[509.552,504.448,0],"t":214,"ti":[0,0,0],"to":[0,0,0]},{"s":[506,508,0],"t":235}],"ix":2},"r":{"a":0,"k":0,"ix":10},"sa":{"a":0,"k":0},"o":{"a":0,"k":100,"ix":11}},"ef":[],"shapes":[{"ty":"gr","bm":0,"hd":false,"mn":"ADBE Vector Group","nm":"Groupe 2","ix":1,"cix":2,"np":2,"it":[{"ty":"sh","bm":0,"hd":false,"mn":"ADBE Vector Shape - Group","nm":"TracÃÂ© 1","ix":1,"d":1,"ks":{"a":0,"k":{"c":true,"i":[[0,0],[0,0],[0,0],[0,13.486],[0,0],[13.5,0],[0,0],[0,-13.477],[0,0],[-13.5,0],[0,0]],"o":[[0,0],[0,0],[13.5,0],[0,0],[0,-13.477],[0,0],[-13.5,0],[0,0],[0,13.486],[0,0],[0,0]],"v":[[-144.403,224.41],[-50.015,147.224],[226.468,147.224],[250.902,122.8],[250.902,-200.004],[226.468,-224.41],[-226.468,-224.41],[-250.902,-200.004],[-250.902,122.8],[-226.468,147.224],[-144.403,147.224]]},"ix":2}},{"ty":"fl","bm":0,"hd":false,"mn":"ADBE Vector Graphic - Fill","nm":"Fond 1","c":{"a":0,"k":[0.7608,0.7608,0.7608],"ix":4},"r":1,"o":{"a":0,"k":20,"ix":5}},{"ty":"tr","a":{"a":0,"k":[0,0],"ix":1},"s":{"a":0,"k":[100,100],"ix":3},"sk":{"a":0,"k":0,"ix":4},"p":{"a":0,"k":[344.186,455.442],"ix":2},"r":{"a":0,"k":0,"ix":6},"sa":{"a":0,"k":0,"ix":5},"o":{"a":0,"k":100,"ix":7}}]}],"ind":9},{"ty":4,"nm":"symbole_02","sr":1,"st":0,"op":235,"ip":0,"hd":false,"ddd":0,"bm":0,"hasMask":false,"ao":0,"ks":{"a":{"a":0,"k":[500,500,0],"ix":1},"s":{"a":0,"k":[100,100,100],"ix":6},"sk":{"a":0,"k":0},"p":{"a":0,"k":[500,500,0],"ix":2},"r":{"a":0,"k":0,"ix":10},"sa":{"a":0,"k":0},"o":{"a":0,"k":100,"ix":11}},"ef":[],"shapes":[{"ty":"gr","bm":0,"hd":false,"mn":"ADBE Vector Group","nm":"Groupe 3","ix":1,"cix":2,"np":2,"it":[{"ty":"sh","bm":0,"hd":false,"mn":"ADBE Vector Shape - Group","nm":"TracÃÂ© 1","ix":1,"d":1,"ks":{"a":0,"k":{"c":true,"i":[[0,0],[0,0],[0,0],[45.757,-47.124],[-26.999,-11.181],[0,0],[21.457,17.933],[42.612,-19.664],[0,0],[-22.524,18.127],[1.056,2.434],[0,0],[-33.695,-34.531],[-1.67,18.748],[0,0],[0,0],[0,0],[0,0],[0,0],[0,0]],"o":[[0,0],[0,0],[-1.626,24.361],[18.606,15.143],[0,0],[-32.132,-13.313],[-25.161,20.827],[0,0],[38.216,-17.639],[-37.027,-38.19],[0,0],[0.23,0.524],[38.509,-39.354],[0,0],[0,0],[0,0],[0,0],[0,0],[0,0],[0,0]],"v":[[127.297,-101.193],[127.297,-67.444],[84.56,-67.444],[27.008,48.021],[95.198,88.778],[82.729,118.877],[2.682,70.411],[-97.819,131.835],[-111.47,102.26],[-21.404,48.039],[-75.268,-28.1],[-45.392,-41.085],[2.957,26.041],[51.956,-67.444],[-127.297,-67.444],[-127.297,-101.193],[-16.875,-101.193],[-16.875,-131.834],[16.865,-131.834],[16.865,-101.193]]},"ix":2}},{"ty":"fl","bm":0,"hd":false,"mn":"ADBE Vector Graphic - Fill","nm":"Fond 1","c":{"a":0,"k":[0.3294,0.4078,0.4431],"ix":4},"r":1,"o":{"a":0,"k":100,"ix":5}},{"ty":"tr","a":{"a":0,"k":[0,0],"ix":1},"s":{"a":0,"k":[100,100],"ix":3},"sk":{"a":0,"k":0,"ix":4},"p":{"a":0,"k":[709.936,541.944],"ix":2},"r":{"a":0,"k":0,"ix":6},"sa":{"a":0,"k":0,"ix":5},"o":{"a":0,"k":100,"ix":7}}]}],"ind":10,"parent":12},{"ty":4,"nm":"symbole_02_shadow","sr":1,"st":0,"op":235,"ip":0,"hd":false,"ddd":0,"bm":0,"hasMask":false,"ao":0,"ks":{"a":{"a":0,"k":[500,500,0],"ix":1},"s":{"a":0,"k":[100,100,100],"ix":6},"sk":{"a":0,"k":0},"p":{"a":0,"k":[510,510,0],"ix":2},"r":{"a":0,"k":0,"ix":10},"sa":{"a":0,"k":0},"o":{"a":0,"k":100,"ix":11}},"ef":[],"shapes":[{"ty":"gr","bm":0,"hd":false,"mn":"ADBE Vector Group","nm":"Groupe 3","ix":1,"cix":2,"np":2,"it":[{"ty":"sh","bm":0,"hd":false,"mn":"ADBE Vector Shape - Group","nm":"TracÃÂ© 1","ix":1,"d":1,"ks":{"a":0,"k":{"c":true,"i":[[0,0],[0,0],[0,0],[45.757,-47.124],[-26.999,-11.181],[0,0],[21.457,17.933],[42.612,-19.664],[0,0],[-22.524,18.127],[1.056,2.434],[0,0],[-33.695,-34.531],[-1.67,18.748],[0,0],[0,0],[0,0],[0,0],[0,0],[0,0]],"o":[[0,0],[0,0],[-1.626,24.361],[18.606,15.143],[0,0],[-32.132,-13.313],[-25.161,20.827],[0,0],[38.216,-17.639],[-37.027,-38.19],[0,0],[0.23,0.524],[38.509,-39.354],[0,0],[0,0],[0,0],[0,0],[0,0],[0,0],[0,0]],"v":[[127.297,-101.193],[127.297,-67.444],[84.56,-67.444],[27.008,48.021],[95.198,88.778],[82.729,118.877],[2.682,70.411],[-97.819,131.835],[-111.47,102.26],[-21.404,48.039],[-75.268,-28.1],[-45.392,-41.085],[2.957,26.041],[51.956,-67.444],[-127.297,-67.444],[-127.297,-101.193],[-16.875,-101.193],[-16.875,-131.834],[16.865,-131.834],[16.865,-101.193]]},"ix":2}},{"ty":"fl","bm":0,"hd":false,"mn":"ADBE Vector Graphic - Fill","nm":"Fond 1","c":{"a":0,"k":[0.4902,0.5569,0.5882],"ix":4},"r":1,"o":{"a":0,"k":20,"ix":5}},{"ty":"tr","a":{"a":0,"k":[0,0],"ix":1},"s":{"a":0,"k":[100,100],"ix":3},"sk":{"a":0,"k":0,"ix":4},"p":{"a":0,"k":[709.936,541.944],"ix":2},"r":{"a":0,"k":0,"ix":6},"sa":{"a":0,"k":0,"ix":5},"o":{"a":0,"k":100,"ix":7}}]}],"ind":11,"parent":12},{"ty":4,"nm":"bulle_02","sr":1,"st":0,"op":235,"ip":0,"hd":false,"ddd":0,"bm":0,"hasMask":false,"ao":0,"ks":{"a":{"a":0,"k":[50,50,0],"ix":1},"s":{"a":0,"k":[100,100,100],"ix":6},"sk":{"a":0,"k":0},"p":{"a":1,"k":[{"o":{"x":0.333,"y":0},"i":{"x":0.667,"y":1},"s":[56,114,0],"t":0,"ti":[-2.437,0.862,0],"to":[0,16.667,0]},{"o":{"x":0.333,"y":0},"i":{"x":0.667,"y":1},"s":[56,214,0],"t":37,"ti":[-2.437,17.529,0],"to":[2.437,-0.862,0]},{"o":{"x":0.333,"y":0},"i":{"x":0.667,"y":0.662},"s":[70.62,108.827,0],"t":84,"ti":[0.882,-0.604,0],"to":[0,0,0]},{"o":{"x":0.333,"y":0.287},"i":{"x":0.667,"y":1},"s":[69.356,111.796,0],"t":104,"ti":[0,0,0],"to":[-0.314,0.215,0]},{"o":{"x":0.333,"y":0},"i":{"x":0.667,"y":1},"s":[70.62,108.827,0],"t":121,"ti":[2.437,-0.862,0],"to":[-2.437,17.529,0]},{"o":{"x":0.333,"y":0},"i":{"x":0.667,"y":1},"s":[56,214,0],"t":162,"ti":[0,16.667,0],"to":[-2.437,0.862,0]},{"o":{"x":0.333,"y":0},"i":{"x":0.588,"y":1},"s":[56,114,0],"t":200,"ti":[0,0,0],"to":[0,0,0]},{"o":{"x":0.518,"y":0},"i":{"x":1,"y":1},"s":[53.796,116.765,0],"t":220,"ti":[0,0,0],"to":[0,0,0]},{"s":[56,114,0],"t":235}],"ix":2},"r":{"a":0,"k":0,"ix":10},"sa":{"a":0,"k":0},"o":{"a":0,"k":100,"ix":11}},"ef":[],"shapes":[{"ty":"gr","bm":0,"hd":false,"mn":"ADBE Vector Group","nm":"Groupe 4","ix":1,"cix":2,"np":2,"it":[{"ty":"sh","bm":0,"hd":false,"mn":"ADBE Vector Shape - Group","nm":"TracÃÂ© 1","ix":1,"d":1,"ks":{"a":0,"k":{"c":true,"i":[[0,0],[0,0],[0,0],[0,15.999],[0,0],[-16.015,0],[0,0],[0,-15.988],[0,0],[16.015,0],[0,0]],"o":[[0,0],[0,0],[-16.015,0],[0,0],[0,-15.988],[0,0],[16.015,0],[0,0],[0,15.999],[0,0],[0,0]],"v":[[127.552,223.934],[15.577,132.368],[-199.039,132.368],[-228.026,103.392],[-228.026,-194.979],[-199.039,-223.933],[199.04,-223.933],[228.026,-194.979],[228.026,103.392],[199.04,132.368],[127.552,132.368]]},"ix":2}},{"ty":"fl","bm":0,"hd":false,"mn":"ADBE Vector Graphic - Fill","nm":"Fond 1","c":{"a":0,"k":[0.8039,0.8039,0.8275],"ix":4},"r":1,"o":{"a":0,"k":100,"ix":5}},{"ty":"tr","a":{"a":0,"k":[0,0],"ix":1},"s":{"a":0,"k":[100,100],"ix":3},"sk":{"a":0,"k":0,"ix":4},"p":{"a":0,"k":[701.69,591.035],"ix":2},"r":{"a":0,"k":0,"ix":6},"sa":{"a":0,"k":0,"ix":5},"o":{"a":0,"k":100,"ix":7}}]}],"ind":12},{"ty":4,"nm":"bulle_02_shadow","sr":1,"st":0,"op":235,"ip":0,"hd":false,"ddd":0,"bm":0,"hasMask":false,"ao":0,"ks":{"a":{"a":0,"k":[50,50,0],"ix":1},"s":{"a":0,"k":[100,100,100],"ix":6},"sk":{"a":0,"k":0},"p":{"a":1,"k":[{"o":{"x":0.333,"y":0},"i":{"x":0.667,"y":1},"s":[56,114,0],"t":0,"ti":[-2.437,0.862,0],"to":[0,16.667,0]},{"o":{"x":0.333,"y":0},"i":{"x":0.667,"y":1},"s":[56,214,0],"t":37,"ti":[-2.437,17.529,0],"to":[2.437,-0.862,0]},{"o":{"x":0.333,"y":0},"i":{"x":0.667,"y":0.662},"s":[70.62,108.827,0],"t":84,"ti":[0.882,-0.604,0],"to":[0,0,0]},{"o":{"x":0.333,"y":0.287},"i":{"x":0.667,"y":1},"s":[69.356,111.796,0],"t":104,"ti":[0,0,0],"to":[-0.314,0.215,0]},{"o":{"x":0.333,"y":0},"i":{"x":0.667,"y":1},"s":[70.62,108.827,0],"t":121,"ti":[2.437,-0.862,0],"to":[-2.437,17.529,0]},{"o":{"x":0.333,"y":0},"i":{"x":0.667,"y":1},"s":[56,214,0],"t":162,"ti":[0,16.667,0],"to":[-2.437,0.862,0]},{"o":{"x":0.333,"y":0},"i":{"x":0.588,"y":1},"s":[56,114,0],"t":200,"ti":[0,0,0],"to":[0,0,0]},{"o":{"x":0.518,"y":0},"i":{"x":1,"y":1},"s":[53.796,116.765,0],"t":220,"ti":[0,0,0],"to":[0,0,0]},{"s":[56,114,0],"t":235}],"ix":2},"r":{"a":0,"k":0,"ix":10},"sa":{"a":0,"k":0},"o":{"a":0,"k":100,"ix":11}},"ef":[],"shapes":[{"ty":"gr","bm":0,"hd":false,"mn":"ADBE Vector Group","nm":"Groupe 4","ix":1,"cix":2,"np":2,"it":[{"ty":"sh","bm":0,"hd":false,"mn":"ADBE Vector Shape - Group","nm":"TracÃÂ© 1","ix":1,"d":1,"ks":{"a":0,"k":{"c":true,"i":[[0,0],[0,0],[0,0],[0,15.999],[0,0],[-16.015,0],[0,0],[0,-15.988],[0,0],[16.015,0],[0,0]],"o":[[0,0],[0,0],[-16.015,0],[0,0],[0,-15.988],[0,0],[16.015,0],[0,0],[0,15.999],[0,0],[0,0]],"v":[[127.552,223.934],[15.577,132.368],[-199.039,132.368],[-228.026,103.392],[-228.026,-194.979],[-199.039,-223.933],[199.04,-223.933],[228.026,-194.979],[228.026,103.392],[199.04,132.368],[127.552,132.368]]},"ix":2}},{"ty":"fl","bm":0,"hd":false,"mn":"ADBE Vector Graphic - Fill","nm":"Fond 1","c":{"a":0,"k":[0.6863,0.6863,0.6863],"ix":4},"r":1,"o":{"a":0,"k":20,"ix":5}},{"ty":"tr","a":{"a":0,"k":[0,0],"ix":1},"s":{"a":0,"k":[100,100],"ix":3},"sk":{"a":0,"k":0,"ix":4},"p":{"a":0,"k":[707.69,599.035],"ix":2},"r":{"a":0,"k":0,"ix":6},"sa":{"a":0,"k":0,"ix":5},"o":{"a":0,"k":100,"ix":7}}]}],"ind":13},{"ty":4,"nm":"symbole_03","sr":1,"st":0,"op":162,"ip":37,"hd":false,"ddd":0,"bm":0,"hasMask":false,"ao":0,"ks":{"a":{"a":0,"k":[500,500,0],"ix":1},"s":{"a":0,"k":[100,100,100],"ix":6},"sk":{"a":0,"k":0},"p":{"a":0,"k":[500,500,0],"ix":2},"r":{"a":0,"k":0,"ix":10},"sa":{"a":0,"k":0},"o":{"a":0,"k":100,"ix":11}},"ef":[],"shapes":[{"ty":"gr","bm":0,"hd":false,"mn":"ADBE Vector Group","nm":"Groupe 1","ix":1,"cix":2,"np":4,"it":[{"ty":"sh","bm":0,"hd":false,"mn":"ADBE Vector Shape - Group","nm":"TracÃÂ© 1","ix":1,"d":1,"ks":{"a":0,"k":{"c":true,"i":[[0,0],[0,0],[0,0]],"o":[[0,0],[0,0],[0,0]],"v":[[42.033,36.333],[0.19,-80.079],[-42.033,36.333]]},"ix":2}},{"ty":"sh","bm":0,"hd":false,"mn":"ADBE Vector Shape - Group","nm":"TracÃÂ© 2","ix":2,"d":1,"ks":{"a":0,"k":{"c":true,"i":[[0,0],[0,0],[0,0],[0,0],[0,0],[0,0],[0,0],[0,0]],"o":[[0,0],[0,0],[0,0],[0,0],[0,0],[0,0],[0,0],[0,0]],"v":[[23.788,-126.875],[121.565,126.875],[77.249,126.875],[56.875,71.397],[-55.02,71.397],[-76.869,126.875],[-121.565,126.875],[-23.418,-126.875]]},"ix":2}},{"ty":"mm","bm":0,"hd":false,"mn":"ADBE Vector Filter - Merge","nm":"Fusionner les tracÃÂ©s 1","mm":1},{"ty":"fl","bm":0,"hd":false,"mn":"ADBE Vector Graphic - Fill","nm":"Fond 1","c":{"a":0,"k":[1,1,1],"ix":4},"r":1,"o":{"a":0,"k":100,"ix":5}},{"ty":"tr","a":{"a":0,"k":[0,0],"ix":1},"s":{"a":0,"k":[100,100],"ix":3},"sk":{"a":0,"k":0,"ix":4},"p":{"a":0,"k":[334.504,405.953],"ix":2},"r":{"a":0,"k":0,"ix":6},"sa":{"a":0,"k":0,"ix":5},"o":{"a":0,"k":100,"ix":7}}]}],"ind":14,"parent":16},{"ty":4,"nm":"symbole_03_shadow","sr":1,"st":0,"op":162,"ip":37,"hd":false,"ddd":0,"bm":0,"hasMask":false,"ao":0,"ks":{"a":{"a":0,"k":[500,500,0],"ix":1},"s":{"a":0,"k":[100,100,100],"ix":6},"sk":{"a":0,"k":0},"p":{"a":0,"k":[510,508,0],"ix":2},"r":{"a":0,"k":0,"ix":10},"sa":{"a":0,"k":0},"o":{"a":0,"k":100,"ix":11}},"ef":[],"shapes":[{"ty":"gr","bm":0,"hd":false,"mn":"ADBE Vector Group","nm":"Groupe 1","ix":1,"cix":2,"np":4,"it":[{"ty":"sh","bm":0,"hd":false,"mn":"ADBE Vector Shape - Group","nm":"TracÃÂ© 1","ix":1,"d":1,"ks":{"a":0,"k":{"c":true,"i":[[0,0],[0,0],[0,0]],"o":[[0,0],[0,0],[0,0]],"v":[[42.033,36.333],[0.19,-80.079],[-42.033,36.333]]},"ix":2}},{"ty":"sh","bm":0,"hd":false,"mn":"ADBE Vector Shape - Group","nm":"TracÃÂ© 2","ix":2,"d":1,"ks":{"a":0,"k":{"c":true,"i":[[0,0],[0,0],[0,0],[0,0],[0,0],[0,0],[0,0],[0,0]],"o":[[0,0],[0,0],[0,0],[0,0],[0,0],[0,0],[0,0],[0,0]],"v":[[23.788,-126.875],[121.565,126.875],[77.249,126.875],[56.875,71.397],[-55.02,71.397],[-76.869,126.875],[-121.565,126.875],[-23.418,-126.875]]},"ix":2}},{"ty":"mm","bm":0,"hd":false,"mn":"ADBE Vector Filter - Merge","nm":"Fusionner les tracÃÂ©s 1","mm":1},{"ty":"fl","bm":0,"hd":false,"mn":"ADBE Vector Graphic - Fill","nm":"Fond 1","c":{"a":0,"k":[0.2667,0.3333,0.7137],"ix":4},"r":1,"o":{"a":0,"k":20,"ix":5}},{"ty":"tr","a":{"a":0,"k":[0,0],"ix":1},"s":{"a":0,"k":[100,100],"ix":3},"sk":{"a":0,"k":0,"ix":4},"p":{"a":0,"k":[334.504,405.953],"ix":2},"r":{"a":0,"k":0,"ix":6},"sa":{"a":0,"k":0,"ix":5},"o":{"a":0,"k":100,"ix":7}}]}],"ind":15,"parent":16},{"ty":4,"nm":"bulle_03","sr":1,"st":0,"op":162,"ip":37,"hd":false,"ddd":0,"bm":0,"hasMask":false,"ao":0,"ks":{"a":{"a":0,"k":[500,500,0],"ix":1},"s":{"a":0,"k":[100,100,100],"ix":6},"sk":{"a":0,"k":0},"p":{"a":1,"k":[{"o":{"x":0.333,"y":0},"i":{"x":0.667,"y":1},"s":[500,500,0],"t":0,"ti":[5.007,-1.744,0],"to":[0,-30,0]},{"o":{"x":0.333,"y":0},"i":{"x":0.667,"y":1},"s":[500,320,0],"t":37,"ti":[5.007,-31.744,0],"to":[-5.007,1.744,0]},{"o":{"x":0.333,"y":0},"i":{"x":0.667,"y":1},"s":[469.959,510.465,0],"t":84,"ti":[0,0,0],"to":[0,0,0]},{"o":{"x":0.333,"y":0},"i":{"x":0.667,"y":1},"s":[472.216,507.311,0],"t":100,"ti":[0,0,0],"to":[0,0,0]},{"o":{"x":0.333,"y":0},"i":{"x":0.667,"y":1},"s":[469.959,510.465,0],"t":121,"ti":[-5.007,1.744,0],"to":[5.007,-31.744,0]},{"o":{"x":0.333,"y":0},"i":{"x":0.667,"y":1},"s":[500,320,0],"t":162,"ti":[0,-30,0],"to":[5.007,-1.744,0]},{"o":{"x":0.333,"y":0},"i":{"x":0.563,"y":1},"s":[500,500,0],"t":200,"ti":[0,0,0],"to":[0,0,0]},{"o":{"x":0.471,"y":0},"i":{"x":1,"y":1},"s":[503.552,496.448,0],"t":214,"ti":[0,0,0],"to":[0,0,0]},{"s":[500,500,0],"t":235}],"ix":2},"r":{"a":0,"k":0,"ix":10},"sa":{"a":0,"k":0},"o":{"a":0,"k":100,"ix":11}},"ef":[],"shapes":[{"ty":"gr","bm":0,"hd":false,"mn":"ADBE Vector Group","nm":"Groupe 2","ix":1,"cix":2,"np":2,"it":[{"ty":"sh","bm":0,"hd":false,"mn":"ADBE Vector Shape - Group","nm":"TracÃÂ© 1","ix":1,"d":1,"ks":{"a":0,"k":{"c":true,"i":[[0,0],[0,0],[0,0],[0,13.486],[0,0],[13.5,0],[0,0],[0,-13.477],[0,0],[-13.5,0],[0,0]],"o":[[0,0],[0,0],[13.5,0],[0,0],[0,-13.477],[0,0],[-13.5,0],[0,0],[0,13.486],[0,0],[0,0]],"v":[[-144.403,224.41],[-50.015,147.224],[226.468,147.224],[250.902,122.8],[250.902,-200.004],[226.468,-224.41],[-226.468,-224.41],[-250.902,-200.004],[-250.902,122.8],[-226.468,147.224],[-144.403,147.224]]},"ix":2}},{"ty":"fl","bm":0,"hd":false,"mn":"ADBE Vector Graphic - Fill","nm":"Fond 1","c":{"a":0,"k":[0.2863,0.5412,0.9569],"ix":4},"r":1,"o":{"a":0,"k":100,"ix":5}},{"ty":"tr","a":{"a":0,"k":[0,0],"ix":1},"s":{"a":0,"k":[100,100],"ix":3},"sk":{"a":0,"k":0,"ix":4},"p":{"a":0,"k":[344.186,455.442],"ix":2},"r":{"a":0,"k":0,"ix":6},"sa":{"a":0,"k":0,"ix":5},"o":{"a":0,"k":100,"ix":7}}]}],"ind":16},{"ty":4,"nm":"bulle_03_shadow","sr":1,"st":0,"op":162,"ip":37,"hd":false,"ddd":0,"bm":0,"hasMask":false,"ao":0,"ks":{"a":{"a":0,"k":[500,500,0],"ix":1},"s":{"a":0,"k":[100,100,100],"ix":6},"sk":{"a":0,"k":0},"p":{"a":1,"k":[{"o":{"x":0.333,"y":0},"i":{"x":0.667,"y":1},"s":[506,508,0],"t":0,"ti":[5.007,-1.744,0],"to":[0,-30,0]},{"o":{"x":0.333,"y":0},"i":{"x":0.667,"y":1},"s":[506,328,0],"t":37,"ti":[5.007,-31.744,0],"to":[-5.007,1.744,0]},{"o":{"x":0.333,"y":0},"i":{"x":0.667,"y":1},"s":[475.959,518.465,0],"t":84,"ti":[0,0,0],"to":[0,0,0]},{"o":{"x":0.333,"y":0},"i":{"x":0.667,"y":1},"s":[478.216,515.311,0],"t":100,"ti":[0,0,0],"to":[0,0,0]},{"o":{"x":0.333,"y":0},"i":{"x":0.667,"y":1},"s":[475.959,518.465,0],"t":121,"ti":[-5.007,1.744,0],"to":[5.007,-31.744,0]},{"o":{"x":0.333,"y":0},"i":{"x":0.667,"y":1},"s":[506,328,0],"t":162,"ti":[0,-30,0],"to":[5.007,-1.744,0]},{"o":{"x":0.333,"y":0},"i":{"x":0.563,"y":1},"s":[506,508,0],"t":200,"ti":[0,0,0],"to":[0,0,0]},{"o":{"x":0.471,"y":0},"i":{"x":1,"y":1},"s":[509.552,504.448,0],"t":214,"ti":[0,0,0],"to":[0,0,0]},{"s":[506,508,0],"t":235}],"ix":2},"r":{"a":0,"k":0,"ix":10},"sa":{"a":0,"k":0},"o":{"a":0,"k":100,"ix":11}},"ef":[],"shapes":[{"ty":"gr","bm":0,"hd":false,"mn":"ADBE Vector Group","nm":"Groupe 2","ix":1,"cix":2,"np":2,"it":[{"ty":"sh","bm":0,"hd":false,"mn":"ADBE Vector Shape - Group","nm":"TracÃÂ© 1","ix":1,"d":1,"ks":{"a":0,"k":{"c":true,"i":[[0,0],[0,0],[0,0],[0,13.486],[0,0],[13.5,0],[0,0],[0,-13.477],[0,0],[-13.5,0],[0,0]],"o":[[0,0],[0,0],[13.5,0],[0,0],[0,-13.477],[0,0],[-13.5,0],[0,0],[0,13.486],[0,0],[0,0]],"v":[[-144.403,224.41],[-50.015,147.224],[226.468,147.224],[250.902,122.8],[250.902,-200.004],[226.468,-224.41],[-226.468,-224.41],[-250.902,-200.004],[-250.902,122.8],[-226.468,147.224],[-144.403,147.224]]},"ix":2}},{"ty":"fl","bm":0,"hd":false,"mn":"ADBE Vector Graphic - Fill","nm":"Fond 1","c":{"a":0,"k":[0.6863,0.6863,0.6863],"ix":4},"r":1,"o":{"a":0,"k":20,"ix":5}},{"ty":"tr","a":{"a":0,"k":[0,0],"ix":1},"s":{"a":0,"k":[100,100],"ix":3},"sk":{"a":0,"k":0,"ix":4},"p":{"a":0,"k":[344.186,455.442],"ix":2},"r":{"a":0,"k":0,"ix":6},"sa":{"a":0,"k":0,"ix":5},"o":{"a":0,"k":100,"ix":7}}]}],"ind":17}],"v":"5.6.9","fr":25,"op":235,"ip":0,"fonts":{"list":[{"ascent":74.2996215820313,"fClass":"","fFamily":"Jano Sans Pro","fStyle":"Thin","fName":"JanoSansPro-Thin","fPath":"","fWeight":"","origin":0}]},"chars":[{"ch":"b","fFamily":"Jano Sans Pro","size":30,"style":"Thin","w":56.9,"data":{"shapes":[{"ty":"gr","bm":0,"hd":false,"mn":"ADBE Vector Group","nm":"b","ix":1,"cix":2,"np":5,"it":[{"ty":"sh","bm":0,"hd":false,"mn":"ADBE Vector Shape - Group","nm":"b","ix":1,"d":1,"ks":{"a":0,"k":{"c":true,"i":[[6.949,0],[6.647,-2.115],[0,0],[0,0],[0,0],[-1.208,-0.906],[-3.424,-0.906],[-2.921,0],[-4.028,4.935],[0,7.352],[4.129,4.935]],"o":[[-4.733,0],[0,0],[0,0],[0,0],[0,1.913],[1.712,1.309],[3.525,0.806],[6.949,0],[4.129,-4.935],[0,-7.352],[-4.028,-4.935]],"v":[[28.5,-51.059],[11.481,-47.836],[11.481,-74.826],[9.366,-74.826],[9.366,-7.855],[11.179,-3.726],[18.832,-0.504],[28.5,0.705],[45.016,-6.647],[51.16,-25.177],[45.016,-43.607]]},"ix":2}},{"ty":"sh","bm":0,"hd":false,"mn":"ADBE Vector Shape - Group","nm":"b","ix":2,"d":1,"ks":{"a":0,"k":{"c":true,"i":[[6.546,0],[3.928,2.719],[0,0],[-5.136,0],[-3.525,-4.633],[0,-6.546],[3.525,-4.633]],"o":[[-6.042,0],[0,0],[6.143,-2.216],[6.546,0],[3.525,4.633],[0,6.546],[-3.525,4.633]],"v":[[28.5,-1.41],[11.481,-5.841],[11.481,-45.621],[28.5,-48.944],[43.607,-41.995],[48.944,-25.177],[43.607,-8.359]]},"ix":2}}]}]}},{"ch":"y","fFamily":"Jano Sans Pro","size":30,"style":"Thin","w":53.4,"data":{"shapes":[{"ty":"gr","bm":0,"hd":false,"mn":"ADBE Vector Group","nm":"y","ix":1,"cix":2,"np":3,"it":[{"ty":"sh","bm":0,"hd":false,"mn":"ADBE Vector Shape - Group","nm":"y","ix":1,"d":1,"ks":{"a":0,"k":{"c":true,"i":[[0,0],[0,0],[0,0],[0,0],[0,0],[4.633,0],[2.216,0.504],[0,0],[-1.913,0],[-2.719,7.15],[0,0],[0,0]],"o":[[0,0],[0,0],[0,0],[0,0],[-1.913,4.834],[-1.712,0],[0,0],[2.316,0.504],[6.546,0],[0,0],[0,0],[0,0]],"v":[[26.889,2.115],[7.251,-50.354],[5.035,-50.354],[25.681,5.136],[23.969,9.467],[14.2,16.718],[8.359,16.013],[7.956,18.228],[14.301,18.933],[26.889,8.459],[48.743,-50.354],[46.527,-50.354]]},"ix":2}}]}]}},{"ch":" ","fFamily":"Jano Sans Pro","size":30,"style":"Thin","w":25.5},{"ch":"P","fFamily":"Jano Sans Pro","size":30,"style":"Thin","w":61.5,"data":{"shapes":[{"ty":"gr","bm":0,"hd":false,"mn":"ADBE Vector Group","nm":"P","ix":1,"cix":2,"np":5,"it":[{"ty":"sh","bm":0,"hd":false,"mn":"ADBE Vector Shape - Group","nm":"P","ix":1,"d":1,"ks":{"a":0,"k":{"c":true,"i":[[0,0],[0,-2.316],[0,0],[0,0],[0,0],[0,0],[-4.733,3.928],[0,6.848],[4.834,3.928],[6.949,0]],"o":[[-2.115,0],[0,0],[0,0],[0,0],[0,0],[7.05,0],[4.733,-3.928],[0,-6.848],[-4.733,-3.928],[0,0]],"v":[[13.293,-73.114],[9.668,-69.287],[9.668,0],[11.884,0],[11.884,-28.903],[31.32,-28.903],[49.045,-34.744],[56.195,-50.958],[48.944,-67.172],[31.32,-73.114]]},"ix":2}},{"ty":"sh","bm":0,"hd":false,"mn":"ADBE Vector Shape - Group","nm":"P","ix":2,"d":1,"ks":{"a":0,"k":{"c":true,"i":[[0,0],[0,0],[0,0],[-4.431,-3.525],[0,-6.345],[4.532,-3.525],[6.143,0]],"o":[[0,0],[0,0],[6.143,0],[4.532,3.525],[0,6.345],[-4.431,3.424],[0,0]],"v":[[11.884,-31.119],[11.884,-70.898],[31.32,-70.898],[47.131,-65.662],[53.879,-50.958],[47.131,-36.255],[31.32,-31.119]]},"ix":2}}]}]}},{"ch":"a","fFamily":"Jano Sans Pro","size":30,"style":"Thin","w":52.5,"data":{"shapes":[{"ty":"gr","bm":0,"hd":false,"mn":"ADBE Vector Group","nm":"a","ix":1,"cix":2,"np":5,"it":[{"ty":"sh","bm":0,"hd":false,"mn":"ADBE Vector Shape - Group","nm":"a","ix":1,"d":1,"ks":{"a":0,"k":{"c":true,"i":[[10.172,0],[7.15,-2.921],[0,0],[-6.244,0],[0,-11.078],[0,0],[3.525,0],[5.539,-2.014],[0,-5.942],[-8.963,0],[-6.345,4.532],[0,0],[0,0],[0,0]],"o":[[-6.345,0],[0,0],[6.747,-2.719],[8.359,0],[0,0],[-2.921,-0.101],[-6.143,0],[-5.539,2.014],[0,8.157],[7.15,0],[0,0],[0,0],[0,0],[0,-11.581]],"v":[[29.507,-51.059],[9.164,-46.729],[9.97,-44.815],[29.507,-48.944],[42.096,-32.327],[42.096,-26.385],[32.327,-26.587],[15.308,-23.767],[6.345,-11.581],[21.753,0.705],[41.995,-6.143],[42.398,0],[44.211,0],[44.211,-32.327]]},"ix":2}},{"ty":"sh","bm":0,"hd":false,"mn":"ADBE Vector Shape - Group","nm":"a","ix":2,"d":1,"ks":{"a":0,"k":{"c":true,"i":[[0,3.726],[-17.926,0],[0,0],[0,0],[3.827,-1.41],[3.424,0],[2.719,1.511]],"o":[[0,-8.661],[0,0],[0,0],[-2.417,2.115],[-3.726,1.41],[-3.525,0],[-2.719,-1.511]],"v":[[8.56,-11.581],[35.449,-24.573],[42.096,-24.573],[42.096,-8.762],[32.73,-3.525],[21.954,-1.41],[12.589,-3.625]]},"ix":2}}]}]}},{"ch":"u","fFamily":"Jano Sans Pro","size":30,"style":"Thin","w":57.8,"data":{"shapes":[{"ty":"gr","bm":0,"hd":false,"mn":"ADBE Vector Group","nm":"u","ix":1,"cix":2,"np":3,"it":[{"ty":"sh","bm":0,"hd":false,"mn":"ADBE Vector Shape - Group","nm":"u","ix":1,"d":1,"ks":{"a":0,"k":{"c":true,"i":[[0,0],[6.244,0],[0,9.164],[0,0],[0,0],[0,0],[-9.97,0],[-9.668,4.834],[0,0],[0,0],[0,0],[0,0],[0,0]],"o":[[-9.265,5.035],[-8.963,0],[0,0],[0,0],[0,0],[0,9.97],[5.74,0],[0,0],[0,0],[0,0],[0,0],[0,0],[0,0]],"v":[[46.93,-8.963],[23.666,-1.41],[11.078,-13.898],[11.078,-50.354],[8.963,-50.354],[8.963,-13.092],[23.666,0.705],[46.829,-6.546],[46.829,-6.445],[47.232,0],[49.045,0],[49.045,-50.354],[46.93,-50.354]]},"ix":2}}]}]}},{"ch":"l","fFamily":"Jano Sans Pro","size":30,"style":"Thin","w":24.8,"data":{"shapes":[{"ty":"gr","bm":0,"hd":false,"mn":"ADBE Vector Group","nm":"l","ix":1,"cix":2,"np":3,"it":[{"ty":"sh","bm":0,"hd":false,"mn":"ADBE Vector Shape - Group","nm":"l","ix":1,"d":1,"ks":{"a":0,"k":{"c":true,"i":[[-5.942,0],[-0.806,0.101],[0,0],[0.906,0],[0,6.445],[0,0],[0,0],[0,0]],"o":[[0.906,0],[0,0],[-0.604,0.101],[-4.028,0],[0,0],[0,0],[0,0],[0,6.345]],"v":[[19.235,0.705],[21.753,0.504],[21.552,-1.511],[19.235,-1.41],[11.581,-10.071],[11.581,-74.826],[9.467,-74.826],[9.467,-9.97]]},"ix":2}}]}]}},{"ch":"F","fFamily":"Jano Sans Pro","size":30,"style":"Thin","w":58.7,"data":{"shapes":[{"ty":"gr","bm":0,"hd":false,"mn":"ADBE Vector Group","nm":"F","ix":1,"cix":2,"np":3,"it":[{"ty":"sh","bm":0,"hd":false,"mn":"ADBE Vector Shape - Group","nm":"F","ix":1,"d":1,"ks":{"a":0,"k":{"c":true,"i":[[0,0],[0,0],[0,-2.115],[0,0],[0,0],[0,0],[0,0],[0,0],[0,0],[0,0],[0,0]],"o":[[0,0],[-2.115,0],[0,0],[0,0],[0,0],[0,0],[0,0],[0,0],[0,0],[0,0],[0,0]],"v":[[53.073,-73.114],[13.495,-73.114],[9.769,-69.287],[9.769,0],[11.984,0],[11.984,-33.536],[48.239,-33.536],[48.239,-35.751],[11.984,-35.751],[11.984,-70.898],[53.073,-70.898]]},"ix":2}}]}]}},{"ch":"D","fFamily":"Jano Sans Pro","size":30,"style":"Thin","w":68.7,"data":{"shapes":[{"ty":"gr","bm":0,"hd":false,"mn":"ADBE Vector Group","nm":"D","ix":1,"cix":2,"np":5,"it":[{"ty":"sh","bm":0,"hd":false,"mn":"ADBE Vector Shape - Group","nm":"D","ix":1,"d":1,"ks":{"a":0,"k":{"c":true,"i":[[0,0],[0,-2.316],[0,0],[-2.115,0],[0,0],[-5.136,6.848],[0,9.366],[9.668,7.15],[6.345,0]],"o":[[-2.115,0],[0,0],[0,2.316],[0,0],[9.567,0],[5.136,-6.949],[0,-12.589],[-4.834,-3.525],[0,0]],"v":[[13.193,-73.114],[9.567,-69.287],[9.567,-3.827],[13.193,0],[31.219,0],[54.282,-11.279],[62.338,-36.658],[48.038,-67.776],[31.219,-73.114]]},"ix":2}},{"ty":"sh","bm":0,"hd":false,"mn":"ADBE Vector Shape - Group","nm":"D","ix":2,"d":1,"ks":{"a":0,"k":{"c":true,"i":[[0,0],[0,0],[0,0],[-4.532,-3.525],[-2.014,-5.136],[0,-5.64],[8.963,-7.15],[6.143,0]],"o":[[0,0],[0,0],[6.143,0],[4.532,3.525],[2.014,5.035],[0,11.38],[-4.532,3.525],[0,0]],"v":[[11.783,-2.216],[11.783,-70.898],[31.219,-70.898],[47.232,-65.561],[57.001,-52.67],[60.022,-36.658],[47.232,-7.452],[31.219,-2.216]]},"ix":2}}]}]}}],"assets":[]}